{
  "GraphQL HTTP Request-ME" : {
    "transaction" : "GraphQL HTTP Request-ME",
    "sampleCount" : 100,
    "errorCount" : 0,
    "errorPct" : 0.0,
    "meanResTime" : 425.12999999999994,
    "medianResTime" : 399.5,
    "minResTime" : 363.0,
    "maxResTime" : 676.0,
    "pct1ResTime" : 523.9,
    "pct2ResTime" : 554.95,
    "pct3ResTime" : 675.5299999999997,
    "throughput" : 0.33736142879312325,
    "receivedKBytesPerSec" : 0.1943781669804128,
    "sentKBytesPerSec" : 0.2655403433664622
  },
  "GraphQL HTTP Request-LOGIN" : {
    "transaction" : "GraphQL HTTP Request-LOGIN",
    "sampleCount" : 100,
    "errorCount" : 0,
    "errorPct" : 0.0,
    "meanResTime" : 678.0299999999999,
    "medianResTime" : 641.0,
    "minResTime" : 621.0,
    "maxResTime" : 1396.0,
    "pct1ResTime" : 743.8,
    "pct2ResTime" : 881.8999999999993,
    "pct3ResTime" : 1392.8699999999985,
    "throughput" : 0.337056686193484,
    "receivedKBytesPerSec" : 0.38431703678299617,
    "sentKBytesPerSec" : 0.27089614525120836
  },
  "GraphQL HTTP Request-getuser" : {
    "transaction" : "GraphQL HTTP Request-getuser",
    "sampleCount" : 100,
    "errorCount" : 0,
    "errorPct" : 0.0,
    "meanResTime" : 466.72,
    "medianResTime" : 446.5,
    "minResTime" : 418.0,
    "maxResTime" : 905.0,
    "pct1ResTime" : 520.9,
    "pct2ResTime" : 541.8,
    "pct3ResTime" : 903.1999999999991,
    "throughput" : 0.3372305949084925,
    "receivedKBytesPerSec" : 0.1989133587155561,
    "sentKBytesPerSec" : 0.41067046079188485
  },
  "GraphQL HTTP Request-REGISTER" : {
    "transaction" : "GraphQL HTTP Request-REGISTER",
    "sampleCount" : 100,
    "errorCount" : 0,
    "errorPct" : 0.0,
    "meanResTime" : 781.6399999999996,
    "medianResTime" : 738.0,
    "minResTime" : 588.0,
    "maxResTime" : 1698.0,
    "pct1ResTime" : 999.5000000000002,
    "pct2ResTime" : 1157.4999999999995,
    "pct3ResTime" : 1695.7299999999989,
    "throughput" : 0.33590637617483254,
    "receivedKBytesPerSec" : 0.19485194086704155,
    "sentKBytesPerSec" : 0.2962143141463611
  },
  "GraphQL HTTP Request-listTournaments exclude CANCELLED" : {
    "transaction" : "GraphQL HTTP Request-listTournaments exclude CANCELLED",
    "sampleCount" : 100,
    "errorCount" : 0,
    "errorPct" : 0.0,
    "meanResTime" : 539.9700000000001,
    "medianResTime" : 516.0,
    "minResTime" : 440.0,
    "maxResTime" : 2652.0,
    "pct1ResTime" : 620.3000000000001,
    "pct2ResTime" : 710.6999999999999,
    "pct3ResTime" : 2632.8099999999904,
    "throughput" : 0.3373307021538565,
    "receivedKBytesPerSec" : 1.455404090556427,
    "sentKBytesPerSec" : 0.6796027720150449
  },
  "Total" : {
    "transaction" : "Total",
    "sampleCount" : 1000,
    "errorCount" : 0,
    "errorPct" : 0.0,
    "meanResTime" : 527.0060000000002,
    "medianResTime" : 505.5,
    "minResTime" : 363.0,
    "maxResTime" : 2652.0,
    "pct1ResTime" : 681.9,
    "pct2ResTime" : 791.5999999999995,
    "pct3ResTime" : 1082.7900000000002,
    "throughput" : 3.3116091771313516,
    "receivedKBytesPerSec" : 5.13894800628709,
    "sentKBytesPerSec" : 4.775314561476712
  },
  "GraphQL HTTP Request-listtournament" : {
    "transaction" : "GraphQL HTTP Request-listtournament",
    "sampleCount" : 100,
    "errorCount" : 0,
    "errorPct" : 0.0,
    "meanResTime" : 528.71,
    "medianResTime" : 521.0,
    "minResTime" : 444.0,
    "maxResTime" : 1032.0,
    "pct1ResTime" : 619.4000000000001,
    "pct2ResTime" : 686.2999999999996,
    "pct3ResTime" : 1029.0199999999986,
    "throughput" : 0.3372999811112011,
    "receivedKBytesPerSec" : 1.4450899610671497,
    "sentKBytesPerSec" : 0.6752587512480099
  },
  "GraphQL HTTP Request-updateMyFavoriteGames" : {
    "transaction" : "GraphQL HTTP Request-updateMyFavoriteGames",
    "sampleCount" : 100,
    "errorCount" : 0,
    "errorPct" : 0.0,
    "meanResTime" : 437.38000000000005,
    "medianResTime" : 408.5,
    "minResTime" : 363.0,
    "maxResTime" : 581.0,
    "pct1ResTime" : 523.0,
    "pct2ResTime" : 524.95,
    "pct3ResTime" : 580.5199999999998,
    "throughput" : 0.33746844670023357,
    "receivedKBytesPerSec" : 0.1835643796992481,
    "sentKBytesPerSec" : 0.36778787745845765
  },
  "GraphQL HTTP Request-getmatch" : {
    "transaction" : "GraphQL HTTP Request-getmatch",
    "sampleCount" : 100,
    "errorCount" : 0,
    "errorPct" : 0.0,
    "meanResTime" : 438.4099999999999,
    "medianResTime" : 428.0,
    "minResTime" : 370.0,
    "maxResTime" : 740.0,
    "pct1ResTime" : 519.9,
    "pct2ResTime" : 522.95,
    "pct3ResTime" : 739.4099999999997,
    "throughput" : 0.3373785015671231,
    "receivedKBytesPerSec" : 0.24380868277311632,
    "sentKBytesPerSec" : 0.2550107033329622
  },
  "GraphQL HTTP Request-deleteAccount" : {
    "transaction" : "GraphQL HTTP Request-deleteAccount",
    "sampleCount" : 100,
    "errorCount" : 0,
    "errorPct" : 0.0,
    "meanResTime" : 433.50000000000006,
    "medianResTime" : 407.0,
    "minResTime" : 366.0,
    "maxResTime" : 712.0,
    "pct1ResTime" : 519.9,
    "pct2ResTime" : 522.95,
    "pct3ResTime" : 710.3499999999992,
    "throughput" : 0.33739671443079483,
    "receivedKBytesPerSec" : 0.21581528120329163,
    "sentKBytesPerSec" : 0.8135082889937818
  },
  "GraphQL HTTP Request-gettournament" : {
    "transaction" : "GraphQL HTTP Request-gettournament",
    "sampleCount" : 100,
    "errorCount" : 0,
    "errorPct" : 0.0,
    "meanResTime" : 540.57,
    "medianResTime" : 521.0,
    "minResTime" : 468.0,
    "maxResTime" : 1573.0,
    "pct1ResTime" : 615.9,
    "pct2ResTime" : 663.6999999999997,
    "pct3ResTime" : 1564.2599999999957,
    "throughput" : 0.33720216618671556,
    "receivedKBytesPerSec" : 0.717114411430479,
    "sentKBytesPerSec" : 0.8281869608980368
  }
}