{
  "GraphQL HTTP Request-ME" : {
    "transaction" : "GraphQL HTTP Request-ME",
    "sampleCount" : 1000,
    "errorCount" : 0,
    "errorPct" : 0.0,
    "meanResTime" : 381.78099999999984,
    "medianResTime" : 371.0,
    "minResTime" : 354.0,
    "maxResTime" : 652.0,
    "pct1ResTime" : 417.0,
    "pct2ResTime" : 453.89999999999986,
    "pct3ResTime" : 556.9200000000001,
    "throughput" : 3.3456453080670197,
    "receivedKBytesPerSec" : 1.9276667302339274,
    "sentKBytesPerSec" : 2.6333887874043143
  },
  "GraphQL HTTP Request-LOGIN" : {
    "transaction" : "GraphQL HTTP Request-LOGIN",
    "sampleCount" : 1000,
    "errorCount" : 0,
    "errorPct" : 0.0,
    "meanResTime" : 773.2079999999999,
    "medianResTime" : 753.0,
    "minResTime" : 625.0,
    "maxResTime" : 1369.0,
    "pct1ResTime" : 931.6999999999999,
    "pct2ResTime" : 988.0,
    "pct3ResTime" : 1117.89,
    "throughput" : 3.3387086542667026,
    "receivedKBytesPerSec" : 3.809932819965144,
    "sentKBytesPerSec" : 2.683356662560055
  },
  "GraphQL HTTP Request-getuser" : {
    "transaction" : "GraphQL HTTP Request-getuser",
    "sampleCount" : 1000,
    "errorCount" : 0,
    "errorPct" : 0.0,
    "meanResTime" : 527.1069999999992,
    "medianResTime" : 513.0,
    "minResTime" : 422.0,
    "maxResTime" : 974.0,
    "pct1ResTime" : 605.9,
    "pct2ResTime" : 649.8999999999999,
    "pct3ResTime" : 738.99,
    "throughput" : 3.340805601862833,
    "receivedKBytesPerSec" : 1.9705533042237804,
    "sentKBytesPerSec" : 4.068344321799759
  },
  "GraphQL HTTP Request-REGISTER" : {
    "transaction" : "GraphQL HTTP Request-REGISTER",
    "sampleCount" : 1000,
    "errorCount" : 0,
    "errorPct" : 0.0,
    "meanResTime" : 909.4670000000001,
    "medianResTime" : 861.0,
    "minResTime" : 597.0,
    "maxResTime" : 1917.0,
    "pct1ResTime" : 1199.8,
    "pct2ResTime" : 1349.7999999999997,
    "pct3ResTime" : 1636.91,
    "throughput" : 3.3289502155495265,
    "receivedKBytesPerSec" : 1.9310511992543153,
    "sentKBytesPerSec" : 2.935587934219944
  },
  "GraphQL HTTP Request-listTournaments exclude CANCELLED" : {
    "transaction" : "GraphQL HTTP Request-listTournaments exclude CANCELLED",
    "sampleCount" : 1000,
    "errorCount" : 1,
    "errorPct" : 0.1,
    "meanResTime" : 554.935,
    "medianResTime" : 526.0,
    "minResTime" : 441.0,
    "maxResTime" : 5352.0,
    "pct1ResTime" : 663.9,
    "pct2ResTime" : 702.0,
    "pct3ResTime" : 797.99,
    "throughput" : 3.3400133600534403,
    "receivedKBytesPerSec" : 14.374311774590849,
    "sentKBytesPerSec" : 6.728952697060789
  },
  "Total" : {
    "transaction" : "Total",
    "sampleCount" : 10000,
    "errorCount" : 1,
    "errorPct" : 0.01,
    "meanResTime" : 548.3821000000006,
    "medianResTime" : 503.0,
    "minResTime" : 354.0,
    "maxResTime" : 5352.0,
    "pct1ResTime" : 802.0,
    "pct2ResTime" : 921.9499999999989,
    "pct3ResTime" : 1208.9899999999998,
    "throughput" : 32.798606715186736,
    "receivedKBytesPerSec" : 50.86120621283508,
    "sentKBytesPerSec" : 47.295334644184315
  },
  "GraphQL HTTP Request-listtournament" : {
    "transaction" : "GraphQL HTTP Request-listtournament",
    "sampleCount" : 1000,
    "errorCount" : 0,
    "errorPct" : 0.0,
    "meanResTime" : 553.1330000000004,
    "medianResTime" : 531.5,
    "minResTime" : 444.0,
    "maxResTime" : 1038.0,
    "pct1ResTime" : 670.0,
    "pct2ResTime" : 708.8999999999999,
    "pct3ResTime" : 799.0,
    "throughput" : 3.3397791070098624,
    "receivedKBytesPerSec" : 14.38517875958934,
    "sentKBytesPerSec" : 6.686081220088104
  },
  "GraphQL HTTP Request-updateMyFavoriteGames" : {
    "transaction" : "GraphQL HTTP Request-updateMyFavoriteGames",
    "sampleCount" : 1000,
    "errorCount" : 0,
    "errorPct" : 0.0,
    "meanResTime" : 380.8150000000005,
    "medianResTime" : 371.0,
    "minResTime" : 354.0,
    "maxResTime" : 669.0,
    "pct1ResTime" : 404.0,
    "pct2ResTime" : 449.0,
    "pct3ResTime" : 557.98,
    "throughput" : 3.3410399989308672,
    "receivedKBytesPerSec" : 1.8173430462934503,
    "sentKBytesPerSec" : 3.6412115613348126
  },
  "GraphQL HTTP Request-getmatch" : {
    "transaction" : "GraphQL HTTP Request-getmatch",
    "sampleCount" : 1000,
    "errorCount" : 0,
    "errorPct" : 0.0,
    "meanResTime" : 398.5790000000003,
    "medianResTime" : 383.5,
    "minResTime" : 361.0,
    "maxResTime" : 697.0,
    "pct1ResTime" : 438.69999999999993,
    "pct2ResTime" : 505.8499999999998,
    "pct3ResTime" : 620.7900000000002,
    "throughput" : 3.34184389578794,
    "receivedKBytesPerSec" : 2.4150043778155035,
    "sentKBytesPerSec" : 2.5259640384178375
  },
  "GraphQL HTTP Request-deleteAccount" : {
    "transaction" : "GraphQL HTTP Request-deleteAccount",
    "sampleCount" : 1000,
    "errorCount" : 0,
    "errorPct" : 0.0,
    "meanResTime" : 391.0819999999999,
    "medianResTime" : 380.0,
    "minResTime" : 359.0,
    "maxResTime" : 719.0,
    "pct1ResTime" : 421.0,
    "pct2ResTime" : 467.8499999999998,
    "pct3ResTime" : 596.97,
    "throughput" : 3.340649355421707,
    "receivedKBytesPerSec" : 2.1368411404308767,
    "sentKBytesPerSec" : 8.054749275914252
  },
  "GraphQL HTTP Request-gettournament" : {
    "transaction" : "GraphQL HTTP Request-gettournament",
    "sampleCount" : 1000,
    "errorCount" : 0,
    "errorPct" : 0.0,
    "meanResTime" : 613.7139999999994,
    "medianResTime" : 589.0,
    "minResTime" : 477.0,
    "maxResTime" : 1152.0,
    "pct1ResTime" : 752.8,
    "pct2ResTime" : 812.5999999999995,
    "pct3ResTime" : 931.9100000000001,
    "throughput" : 3.340493123594905,
    "receivedKBytesPerSec" : 7.024212129038238,
    "sentKBytesPerSec" : 8.204433794766782
  }
}