{
  "GraphQL HTTP Request-ME" : {
    "transaction" : "GraphQL HTTP Request-ME",
    "sampleCount" : 2000,
    "errorCount" : 0,
    "errorPct" : 0.0,
    "meanResTime" : 557.6064999999988,
    "medianResTime" : 432.0,
    "minResTime" : 355.0,
    "maxResTime" : 3171.0,
    "pct1ResTime" : 831.0,
    "pct2ResTime" : 1261.0499999999965,
    "pct3ResTime" : 2542.3400000000006,
    "throughput" : 6.644981875811934,
    "receivedKBytesPerSec" : 3.828651666727579,
    "sentKBytesPerSec" : 5.230327531156659
  },
  "GraphQL HTTP Request-LOGIN" : {
    "transaction" : "GraphQL HTTP Request-LOGIN",
    "sampleCount" : 2000,
    "errorCount" : 1482,
    "errorPct" : 74.1,
    "meanResTime" : 2709.575500000005,
    "medianResTime" : 2364.5,
    "minResTime" : 519.0,
    "maxResTime" : 8341.0,
    "pct1ResTime" : 4723.200000000002,
    "pct2ResTime" : 5477.699999999995,
    "pct3ResTime" : 6601.72,
    "throughput" : 6.62618070257394,
    "receivedKBytesPerSec" : 4.163878364650319,
    "sentKBytesPerSec" : 5.3255339045101096
  },
  "GraphQL HTTP Request-getuser" : {
    "transaction" : "GraphQL HTTP Request-getuser",
    "sampleCount" : 2000,
    "errorCount" : 1055,
    "errorPct" : 52.75,
    "meanResTime" : 1549.4154999999994,
    "medianResTime" : 1242.0,
    "minResTime" : 478.0,
    "maxResTime" : 5100.0,
    "pct1ResTime" : 2743.0,
    "pct2ResTime" : 3074.2999999999975,
    "pct3ResTime" : 4144.2300000000005,
    "throughput" : 6.627146781360487,
    "receivedKBytesPerSec" : 3.5641785579080087,
    "sentKBytesPerSec" : 8.070363316754422
  },
  "GraphQL HTTP Request-REGISTER" : {
    "transaction" : "GraphQL HTTP Request-REGISTER",
    "sampleCount" : 2000,
    "errorCount" : 714,
    "errorPct" : 35.7,
    "meanResTime" : 2558.2659999999996,
    "medianResTime" : 2465.0,
    "minResTime" : 569.0,
    "maxResTime" : 6582.0,
    "pct1ResTime" : 4052.8,
    "pct2ResTime" : 4500.0,
    "pct3ResTime" : 5612.59,
    "throughput" : 6.615441101074017,
    "receivedKBytesPerSec" : 3.6275939247923583,
    "sentKBytesPerSec" : 5.833733705341638
  },
  "GraphQL HTTP Request-listTournaments exclude CANCELLED" : {
    "transaction" : "GraphQL HTTP Request-listTournaments exclude CANCELLED",
    "sampleCount" : 2000,
    "errorCount" : 1867,
    "errorPct" : 93.35,
    "meanResTime" : 2540.852499999995,
    "medianResTime" : 2001.0,
    "minResTime" : 473.0,
    "maxResTime" : 10228.0,
    "pct1ResTime" : 5401.300000000001,
    "pct2ResTime" : 7087.049999999989,
    "pct3ResTime" : 8649.93,
    "throughput" : 6.653714103212414,
    "receivedKBytesPerSec" : 4.639669282338714,
    "sentKBytesPerSec" : 13.404894721608601
  },
  "Total" : {
    "transaction" : "Total",
    "sampleCount" : 20000,
    "errorCount" : 10152,
    "errorPct" : 50.76,
    "meanResTime" : 1853.855899999986,
    "medianResTime" : 1301.0,
    "minResTime" : 355.0,
    "maxResTime" : 13415.0,
    "pct1ResTime" : 4011.9000000000015,
    "pct2ResTime" : 4807.800000000003,
    "pct3ResTime" : 7486.950000000008,
    "throughput" : 64.5738288728961,
    "receivedKBytesPerSec" : 38.329388402096384,
    "sentKBytesPerSec" : 93.11495675167811
  },
  "GraphQL HTTP Request-listtournament" : {
    "transaction" : "GraphQL HTTP Request-listtournament",
    "sampleCount" : 2000,
    "errorCount" : 1897,
    "errorPct" : 94.85,
    "meanResTime" : 2830.2389999999964,
    "medianResTime" : 2438.0,
    "minResTime" : 514.0,
    "maxResTime" : 12258.0,
    "pct1ResTime" : 5417.0,
    "pct2ResTime" : 6178.799999999999,
    "pct3ResTime" : 9036.99,
    "throughput" : 6.617476756112894,
    "receivedKBytesPerSec" : 4.389593991951494,
    "sentKBytesPerSec" : 13.24787827151507
  },
  "GraphQL HTTP Request-updateMyFavoriteGames" : {
    "transaction" : "GraphQL HTTP Request-updateMyFavoriteGames",
    "sampleCount" : 2000,
    "errorCount" : 0,
    "errorPct" : 0.0,
    "meanResTime" : 457.22400000000016,
    "medianResTime" : 391.0,
    "minResTime" : 355.0,
    "maxResTime" : 3259.0,
    "pct1ResTime" : 583.9000000000001,
    "pct2ResTime" : 691.0,
    "pct3ResTime" : 1262.99,
    "throughput" : 6.656969680831589,
    "receivedKBytesPerSec" : 3.6210274533429634,
    "sentKBytesPerSec" : 7.255056800593802
  },
  "GraphQL HTTP Request-getmatch" : {
    "transaction" : "GraphQL HTTP Request-getmatch",
    "sampleCount" : 2000,
    "errorCount" : 1205,
    "errorPct" : 60.25,
    "meanResTime" : 1661.3325,
    "medianResTime" : 1198.0,
    "minResTime" : 369.0,
    "maxResTime" : 6491.0,
    "pct1ResTime" : 3498.8,
    "pct2ResTime" : 4176.95,
    "pct3ResTime" : 4915.99,
    "throughput" : 6.630090666489864,
    "receivedKBytesPerSec" : 3.8667381559645957,
    "sentKBytesPerSec" : 5.011416187366363
  },
  "GraphQL HTTP Request-deleteAccount" : {
    "transaction" : "GraphQL HTTP Request-deleteAccount",
    "sampleCount" : 2000,
    "errorCount" : 0,
    "errorPct" : 0.0,
    "meanResTime" : 623.865499999999,
    "medianResTime" : 517.0,
    "minResTime" : 361.0,
    "maxResTime" : 3230.0,
    "pct1ResTime" : 969.0,
    "pct2ResTime" : 1288.0,
    "pct3ResTime" : 2371.96,
    "throughput" : 6.657013996371927,
    "receivedKBytesPerSec" : 4.258148601194934,
    "sentKBytesPerSec" : 16.05094487992411
  },
  "GraphQL HTTP Request-gettournament" : {
    "transaction" : "GraphQL HTTP Request-gettournament",
    "sampleCount" : 2000,
    "errorCount" : 1932,
    "errorPct" : 96.6,
    "meanResTime" : 3050.181999999998,
    "medianResTime" : 2798.0,
    "minResTime" : 488.0,
    "maxResTime" : 13415.0,
    "pct1ResTime" : 5139.300000000001,
    "pct2ResTime" : 6307.799999999999,
    "pct3ResTime" : 9371.080000000002,
    "throughput" : 6.606176114049025,
    "receivedKBytesPerSec" : 3.4191348304029434,
    "sentKBytesPerSec" : 16.22512981136064
  }
}